record_type,alias,secret_name,secret_type,description,purpose,store_type,username,password,pam_safe,pam_account_name,iam_account,iam_username,iam_access_key_id,iam_secret_access_key,atlas_public_key,atlas_private_key,tags,name,provider_engine,platform,network_name,auth_database,read_write_endpoint,read_only_endpoint,configured_auth_method_type,secret_alias,secret_id,enable_certificate_validation,,domain,domain_controller_name,domain_controller_netbios,domain_controller_use_ldaps,domain_controller_enable_certificate_validation,domain_controller_ldaps_certificate,services,account,comment
database,,sia-demstrg2,cyberark_pam,,,,,,DPA_Pilot,Database-MSSQL-Demo-verdugo.com-sia-demstrg2,,,,,,,,siaaurora-demo.domain.com,aurora-postgresql,aws,,master,,,local_ephemeral_user,,,,,,,,,,,,,
database,,siaapi1,cyberark_pam,,,,,,DPA_Pilot,Database-test-postgres-demolab.com-siaapi1,,,,,,,,siapg-sh.domain.com,postgres-sh,onprem,,admin,,,local_ephemeral_user,,,,,,,,,,,,,
database,,nhiadmin,username_password,,,,,,MigrationTest2,Database-MSSQL-Demo-mysql.acme.com-nhiadmin,,,,,,,,siasqlaws.demo.com,mssql-aws-rds,aws,,master,,,local_ephemeral_user,,,,,,,,,,,,,
database,,siademo2,cyberark_pam,,,,,,sia dbpilot,Database-MSSQL-Demo-country.com-siademo2,,,,,,,,siasqlserver.domain.com,sqlserver,onprem,,demo,,,local_ephemeral_user,,,,,,,,,,,,,
database,,sia-trg1,cyberark_pam,,,,,,sia dbpilot,Database-MySQL-POC-testdomain.com-sia-trg1,,,,,,,,siamssqlaz.domain.com,mssql-azure-managed,azure,,admin,,,local_ephemeral_user,,,,,,,,,,,,,
database,,dbadmin1,cyberark_pam,,,,,,DPA_Pilot,Database-MSSQL-Demo-cybsstools.corp.proseclabs.com-dbadmin1,,,,,,,,Promo.db.com,mssql-aws-rds,aws,,,,,ad_ephemeral_user,,,,,db.com,dc.demodb.com,,,,,,,